Name,Industry,Location,Rationale,Note
Vadodara Chemicals Solutions Pvt Ltd 1,Chemicals,Vadodara,Synthetic candidate: fits Chemicals cluster in Vadodara,SYNTHETIC - unverified
Surat Energy Solutions Pvt Ltd 2,Energy,Surat,Synthetic candidate: fits Energy cluster in Surat,SYNTHETIC - unverified
Rajkot Manufacturing Solutions Pvt Ltd 3,Manufacturing,Rajkot,Synthetic candidate: fits Manufacturing cluster in Rajkot,SYNTHETIC - unverified
Jamnagar Food & Dairy Solutions Pvt Ltd 4,Food & Dairy,Jamnagar,Synthetic candidate: fits Food & Dairy cluster in Jamnagar,SYNTHETIC - unverified
Bhavnagar Logistics Solutions Pvt Ltd 5,Logistics,Bhavnagar,Synthetic candidate: fits Logistics cluster in Bhavnagar,SYNTHETIC - unverified
Gandhinagar Datacenter Solutions Pvt Ltd 6,Datacenter,Gandhinagar,Synthetic candidate: fits Datacenter cluster in Gandhinagar,SYNTHETIC - unverified
Ankleshwar IT Services Solutions Pvt Ltd 7,IT Services,Ankleshwar,Synthetic candidate: fits IT Services cluster in Ankleshwar,SYNTHETIC - unverified
Vapi Automotive Solutions Pvt Ltd 8,Automotive,Vapi,Synthetic candidate: fits Automotive cluster in Vapi,SYNTHETIC - unverified
Dahej Textiles Solutions Pvt Ltd 9,Textiles,Dahej,Synthetic candidate: fits Textiles cluster in Dahej,SYNTHETIC - unverified
Bharuch Packaging Solutions Pvt Ltd 10,Packaging,Bharuch,Synthetic candidate: fits Packaging cluster in Bharuch,SYNTHETIC - unverified
Mehsana Plastics Solutions Pvt Ltd 11,Plastics,Mehsana,Synthetic candidate: fits Plastics cluster in Mehsana,SYNTHETIC - unverified
Anand Construction Solutions Pvt Ltd 12,Construction,Anand,Synthetic candidate: fits Construction cluster in Anand,SYNTHETIC - unverified
Kandla Engineering Solutions Pvt Ltd 13,Engineering,Kandla,Synthetic candidate: fits Engineering cluster in Kandla,SYNTHETIC - unverified
Porbandar Electronics Solutions Pvt Ltd 14,Electronics,Porbandar,Synthetic candidate: fits Electronics cluster in Porbandar,SYNTHETIC - unverified
Ahmedabad Pharmaceuticals Solutions Pvt Ltd 15,Pharmaceuticals,Ahmedabad,Synthetic candidate: fits Pharmaceuticals cluster in Ahmedabad,SYNTHETIC - unverified
Vadodara Chemicals Solutions Pvt Ltd 16,Chemicals,Vadodara,Synthetic candidate: fits Chemicals cluster in Vadodara,SYNTHETIC - unverified
Surat Energy Solutions Pvt Ltd 17,Energy,Surat,Synthetic candidate: fits Energy cluster in Surat,SYNTHETIC - unverified
Rajkot Manufacturing Solutions Pvt Ltd 18,Manufacturing,Rajkot,Synthetic candidate: fits Manufacturing cluster in Rajkot,SYNTHETIC - unverified
Jamnagar Food & Dairy Solutions Pvt Ltd 19,Food & Dairy,Jamnagar,Synthetic candidate: fits Food & Dairy cluster in Jamnagar,SYNTHETIC - unverified
Bhavnagar Logistics Solutions Pvt Ltd 20,Logistics,Bhavnagar,Synthetic candidate: fits Logistics cluster in Bhavnagar,SYNTHETIC - unverified
Gandhinagar Datacenter Solutions Pvt Ltd 21,Datacenter,Gandhinagar,Synthetic candidate: fits Datacenter cluster in Gandhinagar,SYNTHETIC - unverified
Ankleshwar IT Services Solutions Pvt Ltd 22,IT Services,Ankleshwar,Synthetic candidate: fits IT Services cluster in Ankleshwar,SYNTHETIC - unverified
Vapi Automotive Solutions Pvt Ltd 23,Automotive,Vapi,Synthetic candidate: fits Automotive cluster in Vapi,SYNTHETIC - unverified
Dahej Textiles Solutions Pvt Ltd 24,Textiles,Dahej,Synthetic candidate: fits Textiles cluster in Dahej,SYNTHETIC - unverified
Bharuch Packaging Solutions Pvt Ltd 25,Packaging,Bharuch,Synthetic candidate: fits Packaging cluster in Bharuch,SYNTHETIC - unverified
Mehsana Plastics Solutions Pvt Ltd 26,Plastics,Mehsana,Synthetic candidate: fits Plastics cluster in Mehsana,SYNTHETIC - unverified
Anand Construction Solutions Pvt Ltd 27,Construction,Anand,Synthetic candidate: fits Construction cluster in Anand,SYNTHETIC - unverified
Kandla Engineering Solutions Pvt Ltd 28,Engineering,Kandla,Synthetic candidate: fits Engineering cluster in Kandla,SYNTHETIC - unverified
Porbandar Electronics Solutions Pvt Ltd 29,Electronics,Porbandar,Synthetic candidate: fits Electronics cluster in Porbandar,SYNTHETIC - unverified
Ahmedabad Pharmaceuticals Solutions Pvt Ltd 30,Pharmaceuticals,Ahmedabad,Synthetic candidate: fits Pharmaceuticals cluster in Ahmedabad,SYNTHETIC - unverified
Vadodara Chemicals Solutions Pvt Ltd 31,Chemicals,Vadodara,Synthetic candidate: fits Chemicals cluster in Vadodara,SYNTHETIC - unverified
Surat Energy Solutions Pvt Ltd 32,Energy,Surat,Synthetic candidate: fits Energy cluster in Surat,SYNTHETIC - unverified
Rajkot Manufacturing Solutions Pvt Ltd 33,Manufacturing,Rajkot,Synthetic candidate: fits Manufacturing cluster in Rajkot,SYNTHETIC - unverified
Jamnagar Food & Dairy Solutions Pvt Ltd 34,Food & Dairy,Jamnagar,Synthetic candidate: fits Food & Dairy cluster in Jamnagar,SYNTHETIC - unverified
Bhavnagar Logistics Solutions Pvt Ltd 35,Logistics,Bhavnagar,Synthetic candidate: fits Logistics cluster in Bhavnagar,SYNTHETIC - unverified
Gandhinagar Datacenter Solutions Pvt Ltd 36,Datacenter,Gandhinagar,Synthetic candidate: fits Datacenter cluster in Gandhinagar,SYNTHETIC - unverified
Ankleshwar IT Services Solutions Pvt Ltd 37,IT Services,Ankleshwar,Synthetic candidate: fits IT Services cluster in Ankleshwar,SYNTHETIC - unverified
Vapi Automotive Solutions Pvt Ltd 38,Automotive,Vapi,Synthetic candidate: fits Automotive cluster in Vapi,SYNTHETIC - unverified
Dahej Textiles Solutions Pvt Ltd 39,Textiles,Dahej,Synthetic candidate: fits Textiles cluster in Dahej,SYNTHETIC - unverified
Bharuch Packaging Solutions Pvt Ltd 40,Packaging,Bharuch,Synthetic candidate: fits Packaging cluster in Bharuch,SYNTHETIC - unverified
Mehsana Plastics Solutions Pvt Ltd 41,Plastics,Mehsana,Synthetic candidate: fits Plastics cluster in Mehsana,SYNTHETIC - unverified
Anand Construction Solutions Pvt Ltd 42,Construction,Anand,Synthetic candidate: fits Construction cluster in Anand,SYNTHETIC - unverified
Kandla Engineering Solutions Pvt Ltd 43,Engineering,Kandla,Synthetic candidate: fits Engineering cluster in Kandla,SYNTHETIC - unverified
Porbandar Electronics Solutions Pvt Ltd 44,Electronics,Porbandar,Synthetic candidate: fits Electronics cluster in Porbandar,SYNTHETIC - unverified
Ahmedabad Pharmaceuticals Solutions Pvt Ltd 45,Pharmaceuticals,Ahmedabad,Synthetic candidate: fits Pharmaceuticals cluster in Ahmedabad,SYNTHETIC - unverified
Vadodara Chemicals Solutions Pvt Ltd 46,Chemicals,Vadodara,Synthetic candidate: fits Chemicals cluster in Vadodara,SYNTHETIC - unverified
Surat Energy Solutions Pvt Ltd 47,Energy,Surat,Synthetic candidate: fits Energy cluster in Surat,SYNTHETIC - unverified
Rajkot Manufacturing Solutions Pvt Ltd 48,Manufacturing,Rajkot,Synthetic candidate: fits Manufacturing cluster in Rajkot,SYNTHETIC - unverified
Jamnagar Food & Dairy Solutions Pvt Ltd 49,Food & Dairy,Jamnagar,Synthetic candidate: fits Food & Dairy cluster in Jamnagar,SYNTHETIC - unverified
Bhavnagar Logistics Solutions Pvt Ltd 50,Logistics,Bhavnagar,Synthetic candidate: fits Logistics cluster in Bhavnagar,SYNTHETIC - unverified
Gandhinagar Datacenter Solutions Pvt Ltd 51,Datacenter,Gandhinagar,Synthetic candidate: fits Datacenter cluster in Gandhinagar,SYNTHETIC - unverified
Ankleshwar IT Services Solutions Pvt Ltd 52,IT Services,Ankleshwar,Synthetic candidate: fits IT Services cluster in Ankleshwar,SYNTHETIC - unverified
Vapi Automotive Solutions Pvt Ltd 53,Automotive,Vapi,Synthetic candidate: fits Automotive cluster in Vapi,SYNTHETIC - unverified
Dahej Textiles Solutions Pvt Ltd 54,Textiles,Dahej,Synthetic candidate: fits Textiles cluster in Dahej,SYNTHETIC - unverified
Bharuch Packaging Solutions Pvt Ltd 55,Packaging,Bharuch,Synthetic candidate: fits Packaging cluster in Bharuch,SYNTHETIC - unverified
Mehsana Plastics Solutions Pvt Ltd 56,Plastics,Mehsana,Synthetic candidate: fits Plastics cluster in Mehsana,SYNTHETIC - unverified
Anand Construction Solutions Pvt Ltd 57,Construction,Anand,Synthetic candidate: fits Construction cluster in Anand,SYNTHETIC - unverified
Kandla Engineering Solutions Pvt Ltd 58,Engineering,Kandla,Synthetic candidate: fits Engineering cluster in Kandla,SYNTHETIC - unverified
Porbandar Electronics Solutions Pvt Ltd 59,Electronics,Porbandar,Synthetic candidate: fits Electronics cluster in Porbandar,SYNTHETIC - unverified
Ahmedabad Pharmaceuticals Solutions Pvt Ltd 60,Pharmaceuticals,Ahmedabad,Synthetic candidate: fits Pharmaceuticals cluster in Ahmedabad,SYNTHETIC - unverified
Vadodara Chemicals Solutions Pvt Ltd 61,Chemicals,Vadodara,Synthetic candidate: fits Chemicals cluster in Vadodara,SYNTHETIC - unverified
Surat Energy Solutions Pvt Ltd 62,Energy,Surat,Synthetic candidate: fits Energy cluster in Surat,SYNTHETIC - unverified
Rajkot Manufacturing Solutions Pvt Ltd 63,Manufacturing,Rajkot,Synthetic candidate: fits Manufacturing cluster in Rajkot,SYNTHETIC - unverified
Jamnagar Food & Dairy Solutions Pvt Ltd 64,Food & Dairy,Jamnagar,Synthetic candidate: fits Food & Dairy cluster in Jamnagar,SYNTHETIC - unverified
Bhavnagar Logistics Solutions Pvt Ltd 65,Logistics,Bhavnagar,Synthetic candidate: fits Logistics cluster in Bhavnagar,SYNTHETIC - unverified
Gandhinagar Datacenter Solutions Pvt Ltd 66,Datacenter,Gandhinagar,Synthetic candidate: fits Datacenter cluster in Gandhinagar,SYNTHETIC - unverified
Ankleshwar IT Services Solutions Pvt Ltd 67,IT Services,Ankleshwar,Synthetic candidate: fits IT Services cluster in Ankleshwar,SYNTHETIC - unverified
Vapi Automotive Solutions Pvt Ltd 68,Automotive,Vapi,Synthetic candidate: fits Automotive cluster in Vapi,SYNTHETIC - unverified
Dahej Textiles Solutions Pvt Ltd 69,Textiles,Dahej,Synthetic candidate: fits Textiles cluster in Dahej,SYNTHETIC - unverified
Bharuch Packaging Solutions Pvt Ltd 70,Packaging,Bharuch,Synthetic candidate: fits Packaging cluster in Bharuch,SYNTHETIC - unverified
Mehsana Plastics Solutions Pvt Ltd 71,Plastics,Mehsana,Synthetic candidate: fits Plastics cluster in Mehsana,SYNTHETIC - unverified
Anand Construction Solutions Pvt Ltd 72,Construction,Anand,Synthetic candidate: fits Construction cluster in Anand,SYNTHETIC - unverified
Kandla Engineering Solutions Pvt Ltd 73,Engineering,Kandla,Synthetic candidate: fits Engineering cluster in Kandla,SYNTHETIC - unverified
Porbandar Electronics Solutions Pvt Ltd 74,Electronics,Porbandar,Synthetic candidate: fits Electronics cluster in Porbandar,SYNTHETIC - unverified
Ahmedabad Pharmaceuticals Solutions Pvt Ltd 75,Pharmaceuticals,Ahmedabad,Synthetic candidate: fits Pharmaceuticals cluster in Ahmedabad,SYNTHETIC - unverified
Vadodara Chemicals Solutions Pvt Ltd 76,Chemicals,Vadodara,Synthetic candidate: fits Chemicals cluster in Vadodara,SYNTHETIC - unverified
Surat Energy Solutions Pvt Ltd 77,Energy,Surat,Synthetic candidate: fits Energy cluster in Surat,SYNTHETIC - unverified
Rajkot Manufacturing Solutions Pvt Ltd 78,Manufacturing,Rajkot,Synthetic candidate: fits Manufacturing cluster in Rajkot,SYNTHETIC - unverified
Jamnagar Food & Dairy Solutions Pvt Ltd 79,Food & Dairy,Jamnagar,Synthetic candidate: fits Food & Dairy cluster in Jamnagar,SYNTHETIC - unverified
Bhavnagar Logistics Solutions Pvt Ltd 80,Logistics,Bhavnagar,Synthetic candidate: fits Logistics cluster in Bhavnagar,SYNTHETIC - unverified
Gandhinagar Datacenter Solutions Pvt Ltd 81,Datacenter,Gandhinagar,Synthetic candidate: fits Datacenter cluster in Gandhinagar,SYNTHETIC - unverified
Ankleshwar IT Services Solutions Pvt Ltd 82,IT Services,Ankleshwar,Synthetic candidate: fits IT Services cluster in Ankleshwar,SYNTHETIC - unverified
Vapi Automotive Solutions Pvt Ltd 83,Automotive,Vapi,Synthetic candidate: fits Automotive cluster in Vapi,SYNTHETIC - unverified
Dahej Textiles Solutions Pvt Ltd 84,Textiles,Dahej,Synthetic candidate: fits Textiles cluster in Dahej,SYNTHETIC - unverified
Bharuch Packaging Solutions Pvt Ltd 85,Packaging,Bharuch,Synthetic candidate: fits Packaging cluster in Bharuch,SYNTHETIC - unverified
Mehsana Plastics Solutions Pvt Ltd 86,Plastics,Mehsana,Synthetic candidate: fits Plastics cluster in Mehsana,SYNTHETIC - unverified
Anand Construction Solutions Pvt Ltd 87,Construction,Anand,Synthetic candidate: fits Construction cluster in Anand,SYNTHETIC - unverified
Kandla Engineering Solutions Pvt Ltd 88,Engineering,Kandla,Synthetic candidate: fits Engineering cluster in Kandla,SYNTHETIC - unverified
Porbandar Electronics Solutions Pvt Ltd 89,Electronics,Porbandar,Synthetic candidate: fits Electronics cluster in Porbandar,SYNTHETIC - unverified
Ahmedabad Pharmaceuticals Solutions Pvt Ltd 90,Pharmaceuticals,Ahmedabad,Synthetic candidate: fits Pharmaceuticals cluster in Ahmedabad,SYNTHETIC - unverified
Vadodara Chemicals Solutions Pvt Ltd 91,Chemicals,Vadodara,Synthetic candidate: fits Chemicals cluster in Vadodara,SYNTHETIC - unverified
Surat Energy Solutions Pvt Ltd 92,Energy,Surat,Synthetic candidate: fits Energy cluster in Surat,SYNTHETIC - unverified
Rajkot Manufacturing Solutions Pvt Ltd 93,Manufacturing,Rajkot,Synthetic candidate: fits Manufacturing cluster in Rajkot,SYNTHETIC - unverified
Jamnagar Food & Dairy Solutions Pvt Ltd 94,Food & Dairy,Jamnagar,Synthetic candidate: fits Food & Dairy cluster in Jamnagar,SYNTHETIC - unverified
Bhavnagar Logistics Solutions Pvt Ltd 95,Logistics,Bhavnagar,Synthetic candidate: fits Logistics cluster in Bhavnagar,SYNTHETIC - unverified
Gandhinagar Datacenter Solutions Pvt Ltd 96,Datacenter,Gandhinagar,Synthetic candidate: fits Datacenter cluster in Gandhinagar,SYNTHETIC - unverified
Ankleshwar IT Services Solutions Pvt Ltd 97,IT Services,Ankleshwar,Synthetic candidate: fits IT Services cluster in Ankleshwar,SYNTHETIC - unverified
Vapi Automotive Solutions Pvt Ltd 98,Automotive,Vapi,Synthetic candidate: fits Automotive cluster in Vapi,SYNTHETIC - unverified
Dahej Textiles Solutions Pvt Ltd 99,Textiles,Dahej,Synthetic candidate: fits Textiles cluster in Dahej,SYNTHETIC - unverified
Bharuch Packaging Solutions Pvt Ltd 100,Packaging,Bharuch,Synthetic candidate: fits Packaging cluster in Bharuch,SYNTHETIC - unverified
Mehsana Plastics Solutions Pvt Ltd 101,Plastics,Mehsana,Synthetic candidate: fits Plastics cluster in Mehsana,SYNTHETIC - unverified
Anand Construction Solutions Pvt Ltd 102,Construction,Anand,Synthetic candidate: fits Construction cluster in Anand,SYNTHETIC - unverified
Kandla Engineering Solutions Pvt Ltd 103,Engineering,Kandla,Synthetic candidate: fits Engineering cluster in Kandla,SYNTHETIC - unverified
Porbandar Electronics Solutions Pvt Ltd 104,Electronics,Porbandar,Synthetic candidate: fits Electronics cluster in Porbandar,SYNTHETIC - unverified
Ahmedabad Pharmaceuticals Solutions Pvt Ltd 105,Pharmaceuticals,Ahmedabad,Synthetic candidate: fits Pharmaceuticals cluster in Ahmedabad,SYNTHETIC - unverified
Vadodara Chemicals Solutions Pvt Ltd 106,Chemicals,Vadodara,Synthetic candidate: fits Chemicals cluster in Vadodara,SYNTHETIC - unverified
Surat Energy Solutions Pvt Ltd 107,Energy,Surat,Synthetic candidate: fits Energy cluster in Surat,SYNTHETIC - unverified
Rajkot Manufacturing Solutions Pvt Ltd 108,Manufacturing,Rajkot,Synthetic candidate: fits Manufacturing cluster in Rajkot,SYNTHETIC - unverified
Jamnagar Food & Dairy Solutions Pvt Ltd 109,Food & Dairy,Jamnagar,Synthetic candidate: fits Food & Dairy cluster in Jamnagar,SYNTHETIC - unverified
Bhavnagar Logistics Solutions Pvt Ltd 110,Logistics,Bhavnagar,Synthetic candidate: fits Logistics cluster in Bhavnagar,SYNTHETIC - unverified
Gandhinagar Datacenter Solutions Pvt Ltd 111,Datacenter,Gandhinagar,Synthetic candidate: fits Datacenter cluster in Gandhinagar,SYNTHETIC - unverified
Ankleshwar IT Services Solutions Pvt Ltd 112,IT Services,Ankleshwar,Synthetic candidate: fits IT Services cluster in Ankleshwar,SYNTHETIC - unverified
Vapi Automotive Solutions Pvt Ltd 113,Automotive,Vapi,Synthetic candidate: fits Automotive cluster in Vapi,SYNTHETIC - unverified
Dahej Textiles Solutions Pvt Ltd 114,Textiles,Dahej,Synthetic candidate: fits Textiles cluster in Dahej,SYNTHETIC - unverified
Bharuch Packaging Solutions Pvt Ltd 115,Packaging,Bharuch,Synthetic candidate: fits Packaging cluster in Bharuch,SYNTHETIC - unverified
Mehsana Plastics Solutions Pvt Ltd 116,Plastics,Mehsana,Synthetic candidate: fits Plastics cluster in Mehsana,SYNTHETIC - unverified
Anand Construction Solutions Pvt Ltd 117,Construction,Anand,Synthetic candidate: fits Construction cluster in Anand,SYNTHETIC - unverified
Kandla Engineering Solutions Pvt Ltd 118,Engineering,Kandla,Synthetic candidate: fits Engineering cluster in Kandla,SYNTHETIC - unverified
Porbandar Electronics Solutions Pvt Ltd 119,Electronics,Porbandar,Synthetic candidate: fits Electronics cluster in Porbandar,SYNTHETIC - unverified
Ahmedabad Pharmaceuticals Solutions Pvt Ltd 120,Pharmaceuticals,Ahmedabad,Synthetic candidate: fits Pharmaceuticals cluster in Ahmedabad,SYNTHETIC - unverified
Vadodara Chemicals Solutions Pvt Ltd 121,Chemicals,Vadodara,Synthetic candidate: fits Chemicals cluster in Vadodara,SYNTHETIC - unverified
Surat Energy Solutions Pvt Ltd 122,Energy,Surat,Synthetic candidate: fits Energy cluster in Surat,SYNTHETIC - unverified
Rajkot Manufacturing Solutions Pvt Ltd 123,Manufacturing,Rajkot,Synthetic candidate: fits Manufacturing cluster in Rajkot,SYNTHETIC - unverified
Jamnagar Food & Dairy Solutions Pvt Ltd 124,Food & Dairy,Jamnagar,Synthetic candidate: fits Food & Dairy cluster in Jamnagar,SYNTHETIC - unverified
Bhavnagar Logistics Solutions Pvt Ltd 125,Logistics,Bhavnagar,Synthetic candidate: fits Logistics cluster in Bhavnagar,SYNTHETIC - unverified
Gandhinagar Datacenter Solutions Pvt Ltd 126,Datacenter,Gandhinagar,Synthetic candidate: fits Datacenter cluster in Gandhinagar,SYNTHETIC - unverified
Ankleshwar IT Services Solutions Pvt Ltd 127,IT Services,Ankleshwar,Synthetic candidate: fits IT Services cluster in Ankleshwar,SYNTHETIC - unverified
Vapi Automotive Solutions Pvt Ltd 128,Automotive,Vapi,Synthetic candidate: fits Automotive cluster in Vapi,SYNTHETIC - unverified
Dahej Textiles Solutions Pvt Ltd 129,Textiles,Dahej,Synthetic candidate: fits Textiles cluster in Dahej,SYNTHETIC - unverified
Bharuch Packaging Solutions Pvt Ltd 130,Packaging,Bharuch,Synthetic candidate: fits Packaging cluster in Bharuch,SYNTHETIC - unverified
Mehsana Plastics Solutions Pvt Ltd 131,Plastics,Mehsana,Synthetic candidate: fits Plastics cluster in Mehsana,SYNTHETIC - unverified
Anand Construction Solutions Pvt Ltd 132,Construction,Anand,Synthetic candidate: fits Construction cluster in Anand,SYNTHETIC - unverified
Kandla Engineering Solutions Pvt Ltd 133,Engineering,Kandla,Synthetic candidate: fits Engineering cluster in Kandla,SYNTHETIC - unverified
Porbandar Electronics Solutions Pvt Ltd 134,Electronics,Porbandar,Synthetic candidate: fits Electronics cluster in Porbandar,SYNTHETIC - unverified
Ahmedabad Pharmaceuticals Solutions Pvt Ltd 135,Pharmaceuticals,Ahmedabad,Synthetic candidate: fits Pharmaceuticals cluster in Ahmedabad,SYNTHETIC - unverified
Vadodara Chemicals Solutions Pvt Ltd 136,Chemicals,Vadodara,Synthetic candidate: fits Chemicals cluster in Vadodara,SYNTHETIC - unverified
Surat Energy Solutions Pvt Ltd 137,Energy,Surat,Synthetic candidate: fits Energy cluster in Surat,SYNTHETIC - unverified
Rajkot Manufacturing Solutions Pvt Ltd 138,Manufacturing,Rajkot,Synthetic candidate: fits Manufacturing cluster in Rajkot,SYNTHETIC - unverified
Jamnagar Food & Dairy Solutions Pvt Ltd 139,Food & Dairy,Jamnagar,Synthetic candidate: fits Food & Dairy cluster in Jamnagar,SYNTHETIC - unverified
Bhavnagar Logistics Solutions Pvt Ltd 140,Logistics,Bhavnagar,Synthetic candidate: fits Logistics cluster in Bhavnagar,SYNTHETIC - unverified
Gandhinagar Datacenter Solutions Pvt Ltd 141,Datacenter,Gandhinagar,Synthetic candidate: fits Datacenter cluster in Gandhinagar,SYNTHETIC - unverified
Ankleshwar IT Services Solutions Pvt Ltd 142,IT Services,Ankleshwar,Synthetic candidate: fits IT Services cluster in Ankleshwar,SYNTHETIC - unverified
Vapi Automotive Solutions Pvt Ltd 143,Automotive,Vapi,Synthetic candidate: fits Automotive cluster in Vapi,SYNTHETIC - unverified
Dahej Textiles Solutions Pvt Ltd 144,Textiles,Dahej,Synthetic candidate: fits Textiles cluster in Dahej,SYNTHETIC - unverified
Bharuch Packaging Solutions Pvt Ltd 145,Packaging,Bharuch,Synthetic candidate: fits Packaging cluster in Bharuch,SYNTHETIC - unverified
Mehsana Plastics Solutions Pvt Ltd 146,Plastics,Mehsana,Synthetic candidate: fits Plastics cluster in Mehsana,SYNTHETIC - unverified
Anand Construction Solutions Pvt Ltd 147,Construction,Anand,Synthetic candidate: fits Construction cluster in Anand,SYNTHETIC - unverified
Kandla Engineering Solutions Pvt Ltd 148,Engineering,Kandla,Synthetic candidate: fits Engineering cluster in Kandla,SYNTHETIC - unverified
Porbandar Electronics Solutions Pvt Ltd 149,Electronics,Porbandar,Synthetic candidate: fits Electronics cluster in Porbandar,SYNTHETIC - unverified
Ahmedabad Pharmaceuticals Solutions Pvt Ltd 150,Pharmaceuticals,Ahmedabad,Synthetic candidate: fits Pharmaceuticals cluster in Ahmedabad,SYNTHETIC - unverified
Vadodara Chemicals Solutions Pvt Ltd 151,Chemicals,Vadodara,Synthetic candidate: fits Chemicals cluster in Vadodara,SYNTHETIC - unverified
Surat Energy Solutions Pvt Ltd 152,Energy,Surat,Synthetic candidate: fits Energy cluster in Surat,SYNTHETIC - unverified
Rajkot Manufacturing Solutions Pvt Ltd 153,Manufacturing,Rajkot,Synthetic candidate: fits Manufacturing cluster in Rajkot,SYNTHETIC - unverified
Jamnagar Food & Dairy Solutions Pvt Ltd 154,Food & Dairy,Jamnagar,Synthetic candidate: fits Food & Dairy cluster in Jamnagar,SYNTHETIC - unverified
Bhavnagar Logistics Solutions Pvt Ltd 155,Logistics,Bhavnagar,Synthetic candidate: fits Logistics cluster in Bhavnagar,SYNTHETIC - unverified
Gandhinagar Datacenter Solutions Pvt Ltd 156,Datacenter,Gandhinagar,Synthetic candidate: fits Datacenter cluster in Gandhinagar,SYNTHETIC - unverified
Ankleshwar IT Services Solutions Pvt Ltd 157,IT Services,Ankleshwar,Synthetic candidate: fits IT Services cluster in Ankleshwar,SYNTHETIC - unverified
Vapi Automotive Solutions Pvt Ltd 158,Automotive,Vapi,Synthetic candidate: fits Automotive cluster in Vapi,SYNTHETIC - unverified
Dahej Textiles Solutions Pvt Ltd 159,Textiles,Dahej,Synthetic candidate: fits Textiles cluster in Dahej,SYNTHETIC - unverified
Bharuch Packaging Solutions Pvt Ltd 160,Packaging,Bharuch,Synthetic candidate: fits Packaging cluster in Bharuch,SYNTHETIC - unverified
Mehsana Plastics Solutions Pvt Ltd 161,Plastics,Mehsana,Synthetic candidate: fits Plastics cluster in Mehsana,SYNTHETIC - unverified
Anand Construction Solutions Pvt Ltd 162,Construction,Anand,Synthetic candidate: fits Construction cluster in Anand,SYNTHETIC - unverified
Kandla Engineering Solutions Pvt Ltd 163,Engineering,Kandla,Synthetic candidate: fits Engineering cluster in Kandla,SYNTHETIC - unverified
Porbandar Electronics Solutions Pvt Ltd 164,Electronics,Porbandar,Synthetic candidate: fits Electronics cluster in Porbandar,SYNTHETIC - unverified
Ahmedabad Pharmaceuticals Solutions Pvt Ltd 165,Pharmaceuticals,Ahmedabad,Synthetic candidate: fits Pharmaceuticals cluster in Ahmedabad,SYNTHETIC - unverified
Vadodara Chemicals Solutions Pvt Ltd 166,Chemicals,Vadodara,Synthetic candidate: fits Chemicals cluster in Vadodara,SYNTHETIC - unverified
Surat Energy Solutions Pvt Ltd 167,Energy,Surat,Synthetic candidate: fits Energy cluster in Surat,SYNTHETIC - unverified
Rajkot Manufacturing Solutions Pvt Ltd 168,Manufacturing,Rajkot,Synthetic candidate: fits Manufacturing cluster in Rajkot,SYNTHETIC - unverified
Jamnagar Food & Dairy Solutions Pvt Ltd 169,Food & Dairy,Jamnagar,Synthetic candidate: fits Food & Dairy cluster in Jamnagar,SYNTHETIC - unverified
Bhavnagar Logistics Solutions Pvt Ltd 170,Logistics,Bhavnagar,Synthetic candidate: fits Logistics cluster in Bhavnagar,SYNTHETIC - unverified
Gandhinagar Datacenter Solutions Pvt Ltd 171,Datacenter,Gandhinagar,Synthetic candidate: fits Datacenter cluster in Gandhinagar,SYNTHETIC - unverified
Ankleshwar IT Services Solutions Pvt Ltd 172,IT Services,Ankleshwar,Synthetic candidate: fits IT Services cluster in Ankleshwar,SYNTHETIC - unverified
Vapi Automotive Solutions Pvt Ltd 173,Automotive,Vapi,Synthetic candidate: fits Automotive cluster in Vapi,SYNTHETIC - unverified
Dahej Textiles Solutions Pvt Ltd 174,Textiles,Dahej,Synthetic candidate: fits Textiles cluster in Dahej,SYNTHETIC - unverified
Bharuch Packaging Solutions Pvt Ltd 175,Packaging,Bharuch,Synthetic candidate: fits Packaging cluster in Bharuch,SYNTHETIC - unverified
Mehsana Plastics Solutions Pvt Ltd 176,Plastics,Mehsana,Synthetic candidate: fits Plastics cluster in Mehsana,SYNTHETIC - unverified
Anand Construction Solutions Pvt Ltd 177,Construction,Anand,Synthetic candidate: fits Construction cluster in Anand,SYNTHETIC - unverified
Kandla Engineering Solutions Pvt Ltd 178,Engineering,Kandla,Synthetic candidate: fits Engineering cluster in Kandla,SYNTHETIC - unverified
Porbandar Electronics Solutions Pvt Ltd 179,Electronics,Porbandar,Synthetic candidate: fits Electronics cluster in Porbandar,SYNTHETIC - unverified
Ahmedabad Pharmaceuticals Solutions Pvt Ltd 180,Pharmaceuticals,Ahmedabad,Synthetic candidate: fits Pharmaceuticals cluster in Ahmedabad,SYNTHETIC - unverified
Vadodara Chemicals Solutions Pvt Ltd 181,Chemicals,Vadodara,Synthetic candidate: fits Chemicals cluster in Vadodara,SYNTHETIC - unverified
Surat Energy Solutions Pvt Ltd 182,Energy,Surat,Synthetic candidate: fits Energy cluster in Surat,SYNTHETIC - unverified
Rajkot Manufacturing Solutions Pvt Ltd 183,Manufacturing,Rajkot,Synthetic candidate: fits Manufacturing cluster in Rajkot,SYNTHETIC - unverified
Jamnagar Food & Dairy Solutions Pvt Ltd 184,Food & Dairy,Jamnagar,Synthetic candidate: fits Food & Dairy cluster in Jamnagar,SYNTHETIC - unverified
Bhavnagar Logistics Solutions Pvt Ltd 185,Logistics,Bhavnagar,Synthetic candidate: fits Logistics cluster in Bhavnagar,SYNTHETIC - unverified
Gandhinagar Datacenter Solutions Pvt Ltd 186,Datacenter,Gandhinagar,Synthetic candidate: fits Datacenter cluster in Gandhinagar,SYNTHETIC - unverified
Ankleshwar IT Services Solutions Pvt Ltd 187,IT Services,Ankleshwar,Synthetic candidate: fits IT Services cluster in Ankleshwar,SYNTHETIC - unverified
Vapi Automotive Solutions Pvt Ltd 188,Automotive,Vapi,Synthetic candidate: fits Automotive cluster in Vapi,SYNTHETIC - unverified
Dahej Textiles Solutions Pvt Ltd 189,Textiles,Dahej,Synthetic candidate: fits Textiles cluster in Dahej,SYNTHETIC - unverified
Bharuch Packaging Solutions Pvt Ltd 190,Packaging,Bharuch,Synthetic candidate: fits Packaging cluster in Bharuch,SYNTHETIC - unverified
Mehsana Plastics Solutions Pvt Ltd 191,Plastics,Mehsana,Synthetic candidate: fits Plastics cluster in Mehsana,SYNTHETIC - unverified
Anand Construction Solutions Pvt Ltd 192,Construction,Anand,Synthetic candidate: fits Construction cluster in Anand,SYNTHETIC - unverified
Kandla Engineering Solutions Pvt Ltd 193,Engineering,Kandla,Synthetic candidate: fits Engineering cluster in Kandla,SYNTHETIC - unverified
Porbandar Electronics Solutions Pvt Ltd 194,Electronics,Porbandar,Synthetic candidate: fits Electronics cluster in Porbandar,SYNTHETIC - unverified
Ahmedabad Pharmaceuticals Solutions Pvt Ltd 195,Pharmaceuticals,Ahmedabad,Synthetic candidate: fits Pharmaceuticals cluster in Ahmedabad,SYNTHETIC - unverified
Vadodara Chemicals Solutions Pvt Ltd 196,Chemicals,Vadodara,Synthetic candidate: fits Chemicals cluster in Vadodara,SYNTHETIC - unverified
Surat Energy Solutions Pvt Ltd 197,Energy,Surat,Synthetic candidate: fits Energy cluster in Surat,SYNTHETIC - unverified
Rajkot Manufacturing Solutions Pvt Ltd 198,Manufacturing,Rajkot,Synthetic candidate: fits Manufacturing cluster in Rajkot,SYNTHETIC - unverified
Jamnagar Food & Dairy Solutions Pvt Ltd 199,Food & Dairy,Jamnagar,Synthetic candidate: fits Food & Dairy cluster in Jamnagar,SYNTHETIC - unverified
Bhavnagar Logistics Solutions Pvt Ltd 200,Logistics,Bhavnagar,Synthetic candidate: fits Logistics cluster in Bhavnagar,SYNTHETIC - unverified
Gandhinagar Datacenter Solutions Pvt Ltd 201,Datacenter,Gandhinagar,Synthetic candidate: fits Datacenter cluster in Gandhinagar,SYNTHETIC - unverified
Ankleshwar IT Services Solutions Pvt Ltd 202,IT Services,Ankleshwar,Synthetic candidate: fits IT Services cluster in Ankleshwar,SYNTHETIC - unverified
Vapi Automotive Solutions Pvt Ltd 203,Automotive,Vapi,Synthetic candidate: fits Automotive cluster in Vapi,SYNTHETIC - unverified
Dahej Textiles Solutions Pvt Ltd 204,Textiles,Dahej,Synthetic candidate: fits Textiles cluster in Dahej,SYNTHETIC - unverified
Bharuch Packaging Solutions Pvt Ltd 205,Packaging,Bharuch,Synthetic candidate: fits Packaging cluster in Bharuch,SYNTHETIC - unverified
Mehsana Plastics Solutions Pvt Ltd 206,Plastics,Mehsana,Synthetic candidate: fits Plastics cluster in Mehsana,SYNTHETIC - unverified
Anand Construction Solutions Pvt Ltd 207,Construction,Anand,Synthetic candidate: fits Construction cluster in Anand,SYNTHETIC - unverified
Kandla Engineering Solutions Pvt Ltd 208,Engineering,Kandla,Synthetic candidate: fits Engineering cluster in Kandla,SYNTHETIC - unverified
Porbandar Electronics Solutions Pvt Ltd 209,Electronics,Porbandar,Synthetic candidate: fits Electronics cluster in Porbandar,SYNTHETIC - unverified
Ahmedabad Pharmaceuticals Solutions Pvt Ltd 210,Pharmaceuticals,Ahmedabad,Synthetic candidate: fits Pharmaceuticals cluster in Ahmedabad,SYNTHETIC - unverified
Vadodara Chemicals Solutions Pvt Ltd 211,Chemicals,Vadodara,Synthetic candidate: fits Chemicals cluster in Vadodara,SYNTHETIC - unverified
Surat Energy Solutions Pvt Ltd 212,Energy,Surat,Synthetic candidate: fits Energy cluster in Surat,SYNTHETIC - unverified
Rajkot Manufacturing Solutions Pvt Ltd 213,Manufacturing,Rajkot,Synthetic candidate: fits Manufacturing cluster in Rajkot,SYNTHETIC - unverified
Jamnagar Food & Dairy Solutions Pvt Ltd 214,Food & Dairy,Jamnagar,Synthetic candidate: fits Food & Dairy cluster in Jamnagar,SYNTHETIC - unverified
Bhavnagar Logistics Solutions Pvt Ltd 215,Logistics,Bhavnagar,Synthetic candidate: fits Logistics cluster in Bhavnagar,SYNTHETIC - unverified
Gandhinagar Datacenter Solutions Pvt Ltd 216,Datacenter,Gandhinagar,Synthetic candidate: fits Datacenter cluster in Gandhinagar,SYNTHETIC - unverified
Ankleshwar IT Services Solutions Pvt Ltd 217,IT Services,Ankleshwar,Synthetic candidate: fits IT Services cluster in Ankleshwar,SYNTHETIC - unverified
Vapi Automotive Solutions Pvt Ltd 218,Automotive,Vapi,Synthetic candidate: fits Automotive cluster in Vapi,SYNTHETIC - unverified
Dahej Textiles Solutions Pvt Ltd 219,Textiles,Dahej,Synthetic candidate: fits Textiles cluster in Dahej,SYNTHETIC - unverified
Bharuch Packaging Solutions Pvt Ltd 220,Packaging,Bharuch,Synthetic candidate: fits Packaging cluster in Bharuch,SYNTHETIC - unverified
Mehsana Plastics Solutions Pvt Ltd 221,Plastics,Mehsana,Synthetic candidate: fits Plastics cluster in Mehsana,SYNTHETIC - unverified
Anand Construction Solutions Pvt Ltd 222,Construction,Anand,Synthetic candidate: fits Construction cluster in Anand,SYNTHETIC - unverified
Kandla Engineering Solutions Pvt Ltd 223,Engineering,Kandla,Synthetic candidate: fits Engineering cluster in Kandla,SYNTHETIC - unverified
Porbandar Electronics Solutions Pvt Ltd 224,Electronics,Porbandar,Synthetic candidate: fits Electronics cluster in Porbandar,SYNTHETIC - unverified
Ahmedabad Pharmaceuticals Solutions Pvt Ltd 225,Pharmaceuticals,Ahmedabad,Synthetic candidate: fits Pharmaceuticals cluster in Ahmedabad,SYNTHETIC - unverified
Vadodara Chemicals Solutions Pvt Ltd 226,Chemicals,Vadodara,Synthetic candidate: fits Chemicals cluster in Vadodara,SYNTHETIC - unverified
Surat Energy Solutions Pvt Ltd 227,Energy,Surat,Synthetic candidate: fits Energy cluster in Surat,SYNTHETIC - unverified
Rajkot Manufacturing Solutions Pvt Ltd 228,Manufacturing,Rajkot,Synthetic candidate: fits Manufacturing cluster in Rajkot,SYNTHETIC - unverified
Jamnagar Food & Dairy Solutions Pvt Ltd 229,Food & Dairy,Jamnagar,Synthetic candidate: fits Food & Dairy cluster in Jamnagar,SYNTHETIC - unverified
Bhavnagar Logistics Solutions Pvt Ltd 230,Logistics,Bhavnagar,Synthetic candidate: fits Logistics cluster in Bhavnagar,SYNTHETIC - unverified
Gandhinagar Datacenter Solutions Pvt Ltd 231,Datacenter,Gandhinagar,Synthetic candidate: fits Datacenter cluster in Gandhinagar,SYNTHETIC - unverified
Ankleshwar IT Services Solutions Pvt Ltd 232,IT Services,Ankleshwar,Synthetic candidate: fits IT Services cluster in Ankleshwar,SYNTHETIC - unverified
Vapi Automotive Solutions Pvt Ltd 233,Automotive,Vapi,Synthetic candidate: fits Automotive cluster in Vapi,SYNTHETIC - unverified
Dahej Textiles Solutions Pvt Ltd 234,Textiles,Dahej,Synthetic candidate: fits Textiles cluster in Dahej,SYNTHETIC - unverified
Bharuch Packaging Solutions Pvt Ltd 235,Packaging,Bharuch,Synthetic candidate: fits Packaging cluster in Bharuch,SYNTHETIC - unverified
Mehsana Plastics Solutions Pvt Ltd 236,Plastics,Mehsana,Synthetic candidate: fits Plastics cluster in Mehsana,SYNTHETIC - unverified
Anand Construction Solutions Pvt Ltd 237,Construction,Anand,Synthetic candidate: fits Construction cluster in Anand,SYNTHETIC - unverified
Kandla Engineering Solutions Pvt Ltd 238,Engineering,Kandla,Synthetic candidate: fits Engineering cluster in Kandla,SYNTHETIC - unverified
Porbandar Electronics Solutions Pvt Ltd 239,Electronics,Porbandar,Synthetic candidate: fits Electronics cluster in Porbandar,SYNTHETIC - unverified
Ahmedabad Pharmaceuticals Solutions Pvt Ltd 240,Pharmaceuticals,Ahmedabad,Synthetic candidate: fits Pharmaceuticals cluster in Ahmedabad,SYNTHETIC - unverified
Vadodara Chemicals Solutions Pvt Ltd 241,Chemicals,Vadodara,Synthetic candidate: fits Chemicals cluster in Vadodara,SYNTHETIC - unverified
Surat Energy Solutions Pvt Ltd 242,Energy,Surat,Synthetic candidate: fits Energy cluster in Surat,SYNTHETIC - unverified
Rajkot Manufacturing Solutions Pvt Ltd 243,Manufacturing,Rajkot,Synthetic candidate: fits Manufacturing cluster in Rajkot,SYNTHETIC - unverified
Jamnagar Food & Dairy Solutions Pvt Ltd 244,Food & Dairy,Jamnagar,Synthetic candidate: fits Food & Dairy cluster in Jamnagar,SYNTHETIC - unverified
Bhavnagar Logistics Solutions Pvt Ltd 245,Logistics,Bhavnagar,Synthetic candidate: fits Logistics cluster in Bhavnagar,SYNTHETIC - unverified
Gandhinagar Datacenter Solutions Pvt Ltd 246,Datacenter,Gandhinagar,Synthetic candidate: fits Datacenter cluster in Gandhinagar,SYNTHETIC - unverified
Ankleshwar IT Services Solutions Pvt Ltd 247,IT Services,Ankleshwar,Synthetic candidate: fits IT Services cluster in Ankleshwar,SYNTHETIC - unverified
Vapi Automotive Solutions Pvt Ltd 248,Automotive,Vapi,Synthetic candidate: fits Automotive cluster in Vapi,SYNTHETIC - unverified
Dahej Textiles Solutions Pvt Ltd 249,Textiles,Dahej,Synthetic candidate: fits Textiles cluster in Dahej,SYNTHETIC - unverified
Bharuch Packaging Solutions Pvt Ltd 250,Packaging,Bharuch,Synthetic candidate: fits Packaging cluster in Bharuch,SYNTHETIC - unverified
Mehsana Plastics Solutions Pvt Ltd 251,Plastics,Mehsana,Synthetic candidate: fits Plastics cluster in Mehsana,SYNTHETIC - unverified
Anand Construction Solutions Pvt Ltd 252,Construction,Anand,Synthetic candidate: fits Construction cluster in Anand,SYNTHETIC - unverified
Kandla Engineering Solutions Pvt Ltd 253,Engineering,Kandla,Synthetic candidate: fits Engineering cluster in Kandla,SYNTHETIC - unverified
Porbandar Electronics Solutions Pvt Ltd 254,Electronics,Porbandar,Synthetic candidate: fits Electronics cluster in Porbandar,SYNTHETIC - unverified
Ahmedabad Pharmaceuticals Solutions Pvt Ltd 255,Pharmaceuticals,Ahmedabad,Synthetic candidate: fits Pharmaceuticals cluster in Ahmedabad,SYNTHETIC - unverified
Vadodara Chemicals Solutions Pvt Ltd 256,Chemicals,Vadodara,Synthetic candidate: fits Chemicals cluster in Vadodara,SYNTHETIC - unverified
Surat Energy Solutions Pvt Ltd 257,Energy,Surat,Synthetic candidate: fits Energy cluster in Surat,SYNTHETIC - unverified
Rajkot Manufacturing Solutions Pvt Ltd 258,Manufacturing,Rajkot,Synthetic candidate: fits Manufacturing cluster in Rajkot,SYNTHETIC - unverified
Jamnagar Food & Dairy Solutions Pvt Ltd 259,Food & Dairy,Jamnagar,Synthetic candidate: fits Food & Dairy cluster in Jamnagar,SYNTHETIC - unverified
Bhavnagar Logistics Solutions Pvt Ltd 260,Logistics,Bhavnagar,Synthetic candidate: fits Logistics cluster in Bhavnagar,SYNTHETIC - unverified
Gandhinagar Datacenter Solutions Pvt Ltd 261,Datacenter,Gandhinagar,Synthetic candidate: fits Datacenter cluster in Gandhinagar,SYNTHETIC - unverified
Ankleshwar IT Services Solutions Pvt Ltd 262,IT Services,Ankleshwar,Synthetic candidate: fits IT Services cluster in Ankleshwar,SYNTHETIC - unverified
Vapi Automotive Solutions Pvt Ltd 263,Automotive,Vapi,Synthetic candidate: fits Automotive cluster in Vapi,SYNTHETIC - unverified
Dahej Textiles Solutions Pvt Ltd 264,Textiles,Dahej,Synthetic candidate: fits Textiles cluster in Dahej,SYNTHETIC - unverified
Bharuch Packaging Solutions Pvt Ltd 265,Packaging,Bharuch,Synthetic candidate: fits Packaging cluster in Bharuch,SYNTHETIC - unverified
Mehsana Plastics Solutions Pvt Ltd 266,Plastics,Mehsana,Synthetic candidate: fits Plastics cluster in Mehsana,SYNTHETIC - unverified
Anand Construction Solutions Pvt Ltd 267,Construction,Anand,Synthetic candidate: fits Construction cluster in Anand,SYNTHETIC - unverified
Kandla Engineering Solutions Pvt Ltd 268,Engineering,Kandla,Synthetic candidate: fits Engineering cluster in Kandla,SYNTHETIC - unverified
Porbandar Electronics Solutions Pvt Ltd 269,Electronics,Porbandar,Synthetic candidate: fits Electronics cluster in Porbandar,SYNTHETIC - unverified
Ahmedabad Pharmaceuticals Solutions Pvt Ltd 270,Pharmaceuticals,Ahmedabad,Synthetic candidate: fits Pharmaceuticals cluster in Ahmedabad,SYNTHETIC - unverified
Vadodara Chemicals Solutions Pvt Ltd 271,Chemicals,Vadodara,Synthetic candidate: fits Chemicals cluster in Vadodara,SYNTHETIC - unverified
Surat Energy Solutions Pvt Ltd 272,Energy,Surat,Synthetic candidate: fits Energy cluster in Surat,SYNTHETIC - unverified
Rajkot Manufacturing Solutions Pvt Ltd 273,Manufacturing,Rajkot,Synthetic candidate: fits Manufacturing cluster in Rajkot,SYNTHETIC - unverified
Jamnagar Food & Dairy Solutions Pvt Ltd 274,Food & Dairy,Jamnagar,Synthetic candidate: fits Food & Dairy cluster in Jamnagar,SYNTHETIC - unverified
Bhavnagar Logistics Solutions Pvt Ltd 275,Logistics,Bhavnagar,Synthetic candidate: fits Logistics cluster in Bhavnagar,SYNTHETIC - unverified
Gandhinagar Datacenter Solutions Pvt Ltd 276,Datacenter,Gandhinagar,Synthetic candidate: fits Datacenter cluster in Gandhinagar,SYNTHETIC - unverified
Ankleshwar IT Services Solutions Pvt Ltd 277,IT Services,Ankleshwar,Synthetic candidate: fits IT Services cluster in Ankleshwar,SYNTHETIC - unverified
Vapi Automotive Solutions Pvt Ltd 278,Automotive,Vapi,Synthetic candidate: fits Automotive cluster in Vapi,SYNTHETIC - unverified
Dahej Textiles Solutions Pvt Ltd 279,Textiles,Dahej,Synthetic candidate: fits Textiles cluster in Dahej,SYNTHETIC - unverified
Bharuch Packaging Solutions Pvt Ltd 280,Packaging,Bharuch,Synthetic candidate: fits Packaging cluster in Bharuch,SYNTHETIC - unverified
Mehsana Plastics Solutions Pvt Ltd 281,Plastics,Mehsana,Synthetic candidate: fits Plastics cluster in Mehsana,SYNTHETIC - unverified
Anand Construction Solutions Pvt Ltd 282,Construction,Anand,Synthetic candidate: fits Construction cluster in Anand,SYNTHETIC - unverified
Kandla Engineering Solutions Pvt Ltd 283,Engineering,Kandla,Synthetic candidate: fits Engineering cluster in Kandla,SYNTHETIC - unverified
Porbandar Electronics Solutions Pvt Ltd 284,Electronics,Porbandar,Synthetic candidate: fits Electronics cluster in Porbandar,SYNTHETIC - unverified
Ahmedabad Pharmaceuticals Solutions Pvt Ltd 285,Pharmaceuticals,Ahmedabad,Synthetic candidate: fits Pharmaceuticals cluster in Ahmedabad,SYNTHETIC - unverified
Vadodara Chemicals Solutions Pvt Ltd 286,Chemicals,Vadodara,Synthetic candidate: fits Chemicals cluster in Vadodara,SYNTHETIC - unverified
Surat Energy Solutions Pvt Ltd 287,Energy,Surat,Synthetic candidate: fits Energy cluster in Surat,SYNTHETIC - unverified
Rajkot Manufacturing Solutions Pvt Ltd 288,Manufacturing,Rajkot,Synthetic candidate: fits Manufacturing cluster in Rajkot,SYNTHETIC - unverified
Jamnagar Food & Dairy Solutions Pvt Ltd 289,Food & Dairy,Jamnagar,Synthetic candidate: fits Food & Dairy cluster in Jamnagar,SYNTHETIC - unverified
Bhavnagar Logistics Solutions Pvt Ltd 290,Logistics,Bhavnagar,Synthetic candidate: fits Logistics cluster in Bhavnagar,SYNTHETIC - unverified
Gandhinagar Datacenter Solutions Pvt Ltd 291,Datacenter,Gandhinagar,Synthetic candidate: fits Datacenter cluster in Gandhinagar,SYNTHETIC - unverified
Ankleshwar IT Services Solutions Pvt Ltd 292,IT Services,Ankleshwar,Synthetic candidate: fits IT Services cluster in Ankleshwar,SYNTHETIC - unverified
Vapi Automotive Solutions Pvt Ltd 293,Automotive,Vapi,Synthetic candidate: fits Automotive cluster in Vapi,SYNTHETIC - unverified
Dahej Textiles Solutions Pvt Ltd 294,Textiles,Dahej,Synthetic candidate: fits Textiles cluster in Dahej,SYNTHETIC - unverified
Bharuch Packaging Solutions Pvt Ltd 295,Packaging,Bharuch,Synthetic candidate: fits Packaging cluster in Bharuch,SYNTHETIC - unverified
Mehsana Plastics Solutions Pvt Ltd 296,Plastics,Mehsana,Synthetic candidate: fits Plastics cluster in Mehsana,SYNTHETIC - unverified
Anand Construction Solutions Pvt Ltd 297,Construction,Anand,Synthetic candidate: fits Construction cluster in Anand,SYNTHETIC - unverified
Kandla Engineering Solutions Pvt Ltd 298,Engineering,Kandla,Synthetic candidate: fits Engineering cluster in Kandla,SYNTHETIC - unverified
Porbandar Electronics Solutions Pvt Ltd 299,Electronics,Porbandar,Synthetic candidate: fits Electronics cluster in Porbandar,SYNTHETIC - unverified
Ahmedabad Pharmaceuticals Solutions Pvt Ltd 300,Pharmaceuticals,Ahmedabad,Synthetic candidate: fits Pharmaceuticals cluster in Ahmedabad,SYNTHETIC - unverified
Vadodara Chemicals Solutions Pvt Ltd 301,Chemicals,Vadodara,Synthetic candidate: fits Chemicals cluster in Vadodara,SYNTHETIC - unverified
Surat Energy Solutions Pvt Ltd 302,Energy,Surat,Synthetic candidate: fits Energy cluster in Surat,SYNTHETIC - unverified
Rajkot Manufacturing Solutions Pvt Ltd 303,Manufacturing,Rajkot,Synthetic candidate: fits Manufacturing cluster in Rajkot,SYNTHETIC - unverified
Jamnagar Food & Dairy Solutions Pvt Ltd 304,Food & Dairy,Jamnagar,Synthetic candidate: fits Food & Dairy cluster in Jamnagar,SYNTHETIC - unverified
Bhavnagar Logistics Solutions Pvt Ltd 305,Logistics,Bhavnagar,Synthetic candidate: fits Logistics cluster in Bhavnagar,SYNTHETIC - unverified
Gandhinagar Datacenter Solutions Pvt Ltd 306,Datacenter,Gandhinagar,Synthetic candidate: fits Datacenter cluster in Gandhinagar,SYNTHETIC - unverified
Ankleshwar IT Services Solutions Pvt Ltd 307,IT Services,Ankleshwar,Synthetic candidate: fits IT Services cluster in Ankleshwar,SYNTHETIC - unverified
Vapi Automotive Solutions Pvt Ltd 308,Automotive,Vapi,Synthetic candidate: fits Automotive cluster in Vapi,SYNTHETIC - unverified
Dahej Textiles Solutions Pvt Ltd 309,Textiles,Dahej,Synthetic candidate: fits Textiles cluster in Dahej,SYNTHETIC - unverified
Bharuch Packaging Solutions Pvt Ltd 310,Packaging,Bharuch,Synthetic candidate: fits Packaging cluster in Bharuch,SYNTHETIC - unverified
Mehsana Plastics Solutions Pvt Ltd 311,Plastics,Mehsana,Synthetic candidate: fits Plastics cluster in Mehsana,SYNTHETIC - unverified
Anand Construction Solutions Pvt Ltd 312,Construction,Anand,Synthetic candidate: fits Construction cluster in Anand,SYNTHETIC - unverified
Kandla Engineering Solutions Pvt Ltd 313,Engineering,Kandla,Synthetic candidate: fits Engineering cluster in Kandla,SYNTHETIC - unverified
Porbandar Electronics Solutions Pvt Ltd 314,Electronics,Porbandar,Synthetic candidate: fits Electronics cluster in Porbandar,SYNTHETIC - unverified
Ahmedabad Pharmaceuticals Solutions Pvt Ltd 315,Pharmaceuticals,Ahmedabad,Synthetic candidate: fits Pharmaceuticals cluster in Ahmedabad,SYNTHETIC - unverified
Vadodara Chemicals Solutions Pvt Ltd 316,Chemicals,Vadodara,Synthetic candidate: fits Chemicals cluster in Vadodara,SYNTHETIC - unverified
Surat Energy Solutions Pvt Ltd 317,Energy,Surat,Synthetic candidate: fits Energy cluster in Surat,SYNTHETIC - unverified
Rajkot Manufacturing Solutions Pvt Ltd 318,Manufacturing,Rajkot,Synthetic candidate: fits Manufacturing cluster in Rajkot,SYNTHETIC - unverified
Jamnagar Food & Dairy Solutions Pvt Ltd 319,Food & Dairy,Jamnagar,Synthetic candidate: fits Food & Dairy cluster in Jamnagar,SYNTHETIC - unverified
Bhavnagar Logistics Solutions Pvt Ltd 320,Logistics,Bhavnagar,Synthetic candidate: fits Logistics cluster in Bhavnagar,SYNTHETIC - unverified
Gandhinagar Datacenter Solutions Pvt Ltd 321,Datacenter,Gandhinagar,Synthetic candidate: fits Datacenter cluster in Gandhinagar,SYNTHETIC - unverified
Ankleshwar IT Services Solutions Pvt Ltd 322,IT Services,Ankleshwar,Synthetic candidate: fits IT Services cluster in Ankleshwar,SYNTHETIC - unverified
Vapi Automotive Solutions Pvt Ltd 323,Automotive,Vapi,Synthetic candidate: fits Automotive cluster in Vapi,SYNTHETIC - unverified
Dahej Textiles Solutions Pvt Ltd 324,Textiles,Dahej,Synthetic candidate: fits Textiles cluster in Dahej,SYNTHETIC - unverified
Bharuch Packaging Solutions Pvt Ltd 325,Packaging,Bharuch,Synthetic candidate: fits Packaging cluster in Bharuch,SYNTHETIC - unverified
Mehsana Plastics Solutions Pvt Ltd 326,Plastics,Mehsana,Synthetic candidate: fits Plastics cluster in Mehsana,SYNTHETIC - unverified
Anand Construction Solutions Pvt Ltd 327,Construction,Anand,Synthetic candidate: fits Construction cluster in Anand,SYNTHETIC - unverified
Kandla Engineering Solutions Pvt Ltd 328,Engineering,Kandla,Synthetic candidate: fits Engineering cluster in Kandla,SYNTHETIC - unverified
Porbandar Electronics Solutions Pvt Ltd 329,Electronics,Porbandar,Synthetic candidate: fits Electronics cluster in Porbandar,SYNTHETIC - unverified
Ahmedabad Pharmaceuticals Solutions Pvt Ltd 330,Pharmaceuticals,Ahmedabad,Synthetic candidate: fits Pharmaceuticals cluster in Ahmedabad,SYNTHETIC - unverified
Vadodara Chemicals Solutions Pvt Ltd 331,Chemicals,Vadodara,Synthetic candidate: fits Chemicals cluster in Vadodara,SYNTHETIC - unverified
Surat Energy Solutions Pvt Ltd 332,Energy,Surat,Synthetic candidate: fits Energy cluster in Surat,SYNTHETIC - unverified
Rajkot Manufacturing Solutions Pvt Ltd 333,Manufacturing,Rajkot,Synthetic candidate: fits Manufacturing cluster in Rajkot,SYNTHETIC - unverified
Jamnagar Food & Dairy Solutions Pvt Ltd 334,Food & Dairy,Jamnagar,Synthetic candidate: fits Food & Dairy cluster in Jamnagar,SYNTHETIC - unverified
Bhavnagar Logistics Solutions Pvt Ltd 335,Logistics,Bhavnagar,Synthetic candidate: fits Logistics cluster in Bhavnagar,SYNTHETIC - unverified
Gandhinagar Datacenter Solutions Pvt Ltd 336,Datacenter,Gandhinagar,Synthetic candidate: fits Datacenter cluster in Gandhinagar,SYNTHETIC - unverified
Ankleshwar IT Services Solutions Pvt Ltd 337,IT Services,Ankleshwar,Synthetic candidate: fits IT Services cluster in Ankleshwar,SYNTHETIC - unverified
Vapi Automotive Solutions Pvt Ltd 338,Automotive,Vapi,Synthetic candidate: fits Automotive cluster in Vapi,SYNTHETIC - unverified
Dahej Textiles Solutions Pvt Ltd 339,Textiles,Dahej,Synthetic candidate: fits Textiles cluster in Dahej,SYNTHETIC - unverified
Bharuch Packaging Solutions Pvt Ltd 340,Packaging,Bharuch,Synthetic candidate: fits Packaging cluster in Bharuch,SYNTHETIC - unverified
Mehsana Plastics Solutions Pvt Ltd 341,Plastics,Mehsana,Synthetic candidate: fits Plastics cluster in Mehsana,SYNTHETIC - unverified
Anand Construction Solutions Pvt Ltd 342,Construction,Anand,Synthetic candidate: fits Construction cluster in Anand,SYNTHETIC - unverified
Kandla Engineering Solutions Pvt Ltd 343,Engineering,Kandla,Synthetic candidate: fits Engineering cluster in Kandla,SYNTHETIC - unverified
Porbandar Electronics Solutions Pvt Ltd 344,Electronics,Porbandar,Synthetic candidate: fits Electronics cluster in Porbandar,SYNTHETIC - unverified
Ahmedabad Pharmaceuticals Solutions Pvt Ltd 345,Pharmaceuticals,Ahmedabad,Synthetic candidate: fits Pharmaceuticals cluster in Ahmedabad,SYNTHETIC - unverified
Vadodara Chemicals Solutions Pvt Ltd 346,Chemicals,Vadodara,Synthetic candidate: fits Chemicals cluster in Vadodara,SYNTHETIC - unverified
Surat Energy Solutions Pvt Ltd 347,Energy,Surat,Synthetic candidate: fits Energy cluster in Surat,SYNTHETIC - unverified
Rajkot Manufacturing Solutions Pvt Ltd 348,Manufacturing,Rajkot,Synthetic candidate: fits Manufacturing cluster in Rajkot,SYNTHETIC - unverified
Jamnagar Food & Dairy Solutions Pvt Ltd 349,Food & Dairy,Jamnagar,Synthetic candidate: fits Food & Dairy cluster in Jamnagar,SYNTHETIC - unverified
Bhavnagar Logistics Solutions Pvt Ltd 350,Logistics,Bhavnagar,Synthetic candidate: fits Logistics cluster in Bhavnagar,SYNTHETIC - unverified
